{"episode_rewards": [-57.45806451612931, -50.03118279569903, -53.3821917808222, -57.172789115646545, 46.40169491525472, -64.60635838150318, -60.891318327974545, -54.013559322034226, -55.99306930693101, 73.05686274509844, -61.09743589743619, -50.30000000000012, -60.891318327974545, -61.90886075949397, -51.356338028169176], "mean": -41.30959525996406, "std": 40.15923275391148}