{"episode_rewards": [790.8090909090762, 850.7196721311342, 907.3999999999828, 908.0999999999837, 872.781355932188, 777.1563176895194, 908.7999999999826, 606.9063694267343, 658.9361445783013, 97.13183391003932, 832.7621908127041, 881.8494584837457, 906.3999999999816, 845.354545454527, 672.313793103432], "mean": 767.8280514954222, "std": 202.7593797399795}