{"episode_rewards": [604.9847457626979, 831.5546762589754, 674.4454545454397, 782.4622775800586, 896.0538461538296, 905.3999999999828, 434.1960288808524, 624.4901639344143, 749.5732026143618, 66.56666666667164, 541.3473684210388, 694.0176470588065, 862.4850340135956, 420.3081632652956, 797.627272727257], "mean": 659.0341698588852, "std": 217.35625015991886}