{"episode_rewards": [444.16229508195414, 592.2076923076803, 740.3255319148802, 542.0404682274127, 655.5270096462881, 634.5938775510095, 626.8503546099168, 632.0428571428436, 314.2302180685241, 608.6719298245457, 424.4398773006015, 880.1371541501862, 812.5213592232859, 888.361538461521, 467.2758865248089], "mean": 617.5592033356972, "std": 160.36845229559583}