{"episode_rewards": [904.099999999981, 915.5999999999864, 723.2532934131568, 911.2999999999851, 879.2814432989511, 904.0999999999812, 891.8999999999842, 869.3915254237147, 573.1673267326613, 752.9465949820645, 915.89999999999, 900.7999999999795, 917.7999999999898, 915.2999999999906, 814.5757679180706], "mean": 852.6277301178993, "std": 95.20497744671678}